{
  "project_info": {
    "project_number": "1006312743217",
    "project_id": "eatitapp-8ec2e",
    "storage_bucket": "eatitapp-8ec2e.appspot.com"
  },
  "client": [
    {
      "client_info": {
        "mobilesdk_app_id": "1:1006312743217:android:bc49e54d194f1168511010",
        "android_client_info": {
          "package_name": "com.dam.juanmaseatitapp"
        }
      },
      "oauth_client": [
        {
          "client_id": "1006312743217-38mrbrdg44a7fpho7e3kp87373g51f49.apps.googleusercontent.com",
          "client_type": 1,
          "android_info": {
            "package_name": "com.dam.juanmaseatitapp",
            "certificate_hash": "619a868e9caafcee49ee3171505fe27c95221fcd"
          }
        },
        {
          "client_id": "1006312743217-lgorgannt9aaa17qol6c82avmd5ksdft.apps.googleusercontent.com",
          "client_type": 3
        }
      ],
      "api_key": [
        {
          "current_key": "AIzaSyBUERx4WzxKqanROxABFiqqki4EJEds2C4"
        }
      ],
      "services": {
        "appinvite_service": {
          "other_platform_oauth_client": [
            {
              "client_id": "1006312743217-lgorgannt9aaa17qol6c82avmd5ksdft.apps.googleusercontent.com",
              "client_type": 3
            }
          ]
        }
      }
    }
  ],
  "configuration_version": "1"
}